-- phpMyAdmin SQL Dump
-- version 4.1.14
-- http://www.phpmyadmin.net
--
-- Host: 127.0.0.1
-- Generation Time: 2016-08-04 08:17:07
-- 服务器版本： 5.6.17
-- PHP Version: 5.5.12

SET SQL_MODE = "NO_AUTO_VALUE_ON_ZERO";
SET time_zone = "+00:00";


/*!40101 SET @OLD_CHARACTER_SET_CLIENT=@@CHARACTER_SET_CLIENT */;
/*!40101 SET @OLD_CHARACTER_SET_RESULTS=@@CHARACTER_SET_RESULTS */;
/*!40101 SET @OLD_COLLATION_CONNECTION=@@COLLATION_CONNECTION */;
/*!40101 SET NAMES utf8 */;

--
-- Database: `calendardb`
--

-- --------------------------------------------------------

--
-- 表的结构 `calendar`
--

CREATE TABLE IF NOT EXISTS `calendar` (
  `Id` int(11) NOT NULL AUTO_INCREMENT COMMENT '?ճ?????',
  `Subject` varchar(2000) DEFAULT NULL COMMENT '?ճ̱??',
  `Location` varchar(200) DEFAULT NULL COMMENT '?ص',
  `MasterId` int(11) DEFAULT NULL,
  `Description` varchar(500) DEFAULT NULL COMMENT '˵??',
  `CalendarType` tinyint(4) DEFAULT '1' COMMENT '?ճ?????\n            1	?????ճ?\n            2	?????ճ',
  `StartTime` datetime NOT NULL COMMENT '??ʼʱ?',
  `EndTime` datetime NOT NULL COMMENT '????ʱ?',
  `IsAllDayEvent` bit(1) NOT NULL DEFAULT b'0' COMMENT '?Ƿ?ȫ???ճ',
  `HasAttachment` bit(1) NOT NULL DEFAULT b'0' COMMENT '?Ƿ??и???',
  `Category` varchar(400) DEFAULT NULL COMMENT '???',
  `InstanceType` tinyint(4) NOT NULL COMMENT 'ʵ??????\n            0	Single??һ???ճ̣?\n            1	Master??ѭ?????ճ̣?\n            2	Instance??ѭ??ʵ???ճ̣?\n            3	Exception ????????\n            4	MeetingRequest?????鰲?ţ?',
  `Attendees` varchar(500) DEFAULT NULL COMMENT '?????',
  `AttendeeNames` varchar(500) DEFAULT NULL COMMENT '??????????',
  `OtherAttendee` varchar(500) DEFAULT NULL COMMENT '?????????',
  `UPAccount` varchar(100) DEFAULT NULL COMMENT '???????˺',
  `UPName` varchar(100) DEFAULT NULL COMMENT '??????????',
  `UPTime` datetime DEFAULT NULL COMMENT '????һ?θ???ʱ?',
  `RecurringRule` varchar(1000) DEFAULT NULL COMMENT 'ѭ?????',
  PRIMARY KEY (`Id`)
) ENGINE=InnoDB  DEFAULT CHARSET=utf8 AUTO_INCREMENT=354 ;

--
-- 转存表中的数据 `calendar`
--

INSERT INTO `calendar` (`Id`, `Subject`, `Location`, `MasterId`, `Description`, `CalendarType`, `StartTime`, `EndTime`, `IsAllDayEvent`, `HasAttachment`, `Category`, `InstanceType`, `Attendees`, `AttendeeNames`, `OtherAttendee`, `UPAccount`, `UPName`, `UPTime`, `RecurringRule`) VALUES
(206, '1、revit插件接口研究；2、立创联机渲染测试正在进行；3、各研发项目跟进', '18', 8, '', 1, '2016-07-27 00:00:00', '2016-07-27 00:00:00', b'1', b'0', '', 0, '', '', '', '7', '5', '2016-07-27 15:19:48', NULL),
(212, '学习Jquery，做技术储备;微展示修改代码文档继续整理；微展示新修改部分发布至云服务；公司日志管理手机端初设计。', '18', 8, '', 1, '2016-07-27 00:00:00', '2016-07-27 00:00:00', b'1', b'0', '', 0, '', '', '', '8', '5', '2016-07-27 15:24:17', NULL),
(213, '1.微展示优化部分代码说明整理，目前的修改已整理完毕，后续优化再更新；2.微展示继续优化:相册页样式调整，添加阴影，添加标题；替换背景音乐；3.原龙泉一号框架调整，添加小区鸟瞰。', '18', 8, '', 1, '2016-07-26 00:00:00', '2016-07-26 00:00:00', b'1', b'0', '', 0, '', '', '', '8', '5', '2016-07-27 15:24:30', NULL),
(217, 'unity wxc项目分层动画基本完成。待审核。', '17', 8, '', 1, '2016-07-27 00:00:00', '2016-07-27 00:00:00', b'1', b'0', '', 0, '', '', '', '9', '5', '2016-07-27 17:05:57', NULL),
(221, '系统测试', '16', 8, '', 1, '2016-07-27 00:00:00', '2016-07-27 00:00:00', b'1', b'0', '', 0, '', '', '', '5', '5', '2016-07-28 14:40:41', NULL),
(222, '微信公众号样式微调', '18', 8, '', 1, '2016-07-27 00:00:00', '2016-07-27 00:00:00', b'1', b'0', '', 0, '', '', '', '5', '5', '2016-07-28 14:55:24', NULL),
(225, '新奥项目启动，与新奥方和图安方沟通需求。', '18', 8, '', 1, '2016-07-28 00:00:00', '2016-07-28 00:00:00', b'1', b'0', '', 0, '', '', '', '7', '5', '2016-07-29 09:08:33', NULL),
(226, '日志管理系统移动端框架确定。', '16', 8, '', 1, '2016-07-28 00:00:00', '2016-07-28 00:00:00', b'1', b'0', '', 0, '', '', '', '7', '5', '2016-07-29 09:13:22', NULL),
(227, '日志管理系统移动端开发', '16', 8, '', 1, '2016-07-28 00:00:00', '2016-07-28 00:00:00', b'1', b'0', '', 0, '', '', '', '8', '5', '2016-07-29 09:14:26', NULL),
(228, 'unity_wxc_动画效果审核修改，继续修改相应bug。', '17', 8, '', 1, '2016-07-28 00:00:00', '2016-07-28 00:00:00', b'1', b'0', '', 0, '', '', '', '9', '5', '2016-07-29 09:31:16', NULL),
(230, '学习jQuery，bootstrap', '18', 8, '', 1, '2016-07-28 00:00:00', '2016-07-28 00:00:00', b'1', b'0', '', 0, '', '', '', '9', '5', '2016-07-29 09:40:22', NULL),
(231, '整理标书、打印、盖章', '20', 8, '', 1, '2016-07-29 00:00:00', '2016-07-29 00:00:00', b'1', b'0', '', 0, '', '', '', '21', '1', '2016-07-29 10:27:47', NULL),
(232, '日志管理系统日志列表功能的修改和测试', '16', 8, '', 1, '2016-08-01 00:00:00', '2016-08-01 00:00:00', b'1', b'0', '', 0, '', '', '', '5', '5', '2016-08-01 09:05:13', NULL),
(233, '1.参加公司项目会议', '26', 8, '', 1, '2016-08-01 00:00:00', '2016-08-01 00:00:00', b'1', b'0', '', 0, '', '', '', '16', '4', '2016-08-01 10:50:35', NULL),
(234, '场景优化，资料协调', '30', 8, '', 1, '2016-08-01 00:00:00', '2016-08-01 00:00:00', b'1', b'0', '', 0, '', '', '', '13', '4', '2016-08-01 10:57:15', NULL),
(237, '有个办公会议', '28', 8, '', 1, '2016-08-01 00:00:00', '2016-08-01 00:00:00', b'1', b'0', '', 0, '', '', '', '12', '4', '2016-08-01 10:59:21', NULL),
(305, '日志管理系统的功能完善', '16', 8, '', 1, '2016-07-28 00:00:00', '2016-07-28 00:00:00', b'1', b'0', '', 0, '', '', '', '5', '5', '2016-08-02 08:42:19', NULL),
(306, '系统前期准备', '16', 8, '', 1, '2016-06-27 00:00:00', '2016-06-27 00:00:00', b'1', b'0', '', 0, '', '', '', '5', '5', '2016-08-02 08:45:32', NULL),
(308, '1.pc端测试；2.移动端前台设计', '16', 8, '', 1, '2016-07-29 00:00:00', '2016-07-29 00:00:00', b'1', b'0', '', 0, '', '', '', '7', '5', '2016-08-02 08:53:09', NULL),
(310, '1、pc端BUG修复；2、移动端后台开发', '16', 8, '', 1, '2016-08-01 00:00:00', '2016-08-01 00:00:00', b'1', b'0', '', 0, '', '', '', '7', '5', '2016-08-02 08:55:20', NULL),
(311, '新奥项目跟进', '18', 8, '', 1, '2016-08-01 00:00:00', '2016-08-01 00:00:00', b'1', b'0', '', 0, '', '', '', '7', '5', '2016-08-02 08:55:47', NULL),
(312, '1、新奥项目跟进；2、杭州中医开发项目需求研究', '18', 8, '', 1, '2016-07-29 00:00:00', '2016-07-29 00:00:00', b'1', b'0', '', 0, '', '', '', '7', '5', '2016-08-02 08:56:37', NULL),
(317, '1、新奥项目回复甲方，将我方功能案例发给甲方；2、下午参加公司半年总结', '18', 8, '', 1, '2016-08-02 00:00:00', '2016-08-02 00:00:00', b'1', b'0', '', 0, '', '', '', '7', '5', '2016-08-02 09:08:21', NULL),
(321, '多维度', '28', 8, '', 1, '2016-08-02 00:00:00', '2016-08-02 00:00:00', b'1', b'0', '', 0, '', '', '', '13', '4', '2016-08-02 09:09:13', NULL),
(322, '日志管理系统移动端开发', '18', 8, '', 1, '2016-07-28 00:00:00', '2016-07-28 00:00:00', b'1', b'0', '', 0, '', '', '', '8', '5', '2016-08-02 09:09:35', NULL),
(324, '日志管理系统出现异常的对应和功能完善', '16', 8, '', 1, '2016-08-02 00:00:00', '2016-08-02 00:00:00', b'1', b'0', '', 0, '', '', '', '5', '5', '2016-08-02 09:09:43', NULL),
(326, '日志管理系统移动端开发', '18', 8, '', 1, '2016-07-29 00:00:00', '2016-07-29 00:00:00', b'1', b'0', '', 0, '', '', '', '8', '5', '2016-08-02 09:10:19', NULL),
(327, '日志管理系统功能完善和异常对应', '16', 8, '', 1, '2016-07-29 00:00:00', '2016-07-29 00:00:00', b'1', b'0', '', 0, '', '', '', '5', '5', '2016-08-02 09:10:40', NULL),
(328, 'wxc寻路系统优化。', '17', 8, '', 1, '2016-08-01 00:00:00', '2016-08-01 00:00:00', b'1', b'0', '', 0, '', '', '', '9', '5', '2016-08-02 09:10:55', NULL),
(329, 'php,jQuery,Bootstrap开发学习。', '18', 8, '', 1, '2016-08-01 00:00:00', '2016-08-01 00:00:00', b'1', b'0', '', 0, '', '', '', '9', '5', '2016-08-02 09:11:36', NULL),
(330, '分析万象城二次开发需求与工程量。', '17', 8, '', 1, '2016-08-02 00:00:00', '2016-08-02 00:00:00', b'1', b'0', '', 0, '', '', '', '9', '5', '2016-08-02 09:15:22', NULL),
(332, '地形方案修改', '33', 8, '', 1, '2016-08-02 00:00:00', '2016-08-02 00:00:00', b'1', b'0', '', 0, '', '', '', '17', '4', '2016-08-02 09:51:10', NULL),
(333, '地质范围面提取', '32', 8, '', 1, '2016-08-01 00:00:00', '2016-08-01 00:00:00', b'1', b'0', '', 0, '', '', '', '17', '4', '2016-08-02 09:52:10', NULL),
(334, '1.方案调整，地形修改2.数据转换测试', '33', 8, '', 1, '2016-08-02 00:00:00', '2016-08-02 00:00:00', b'1', b'0', '', 0, '', '', '', '14', '4', '2016-08-02 09:52:40', NULL),
(336, '教新同事软件学习', '32', 8, '', 1, '2016-08-02 00:00:00', '2016-08-02 00:00:00', b'1', b'0', '', 0, '', '', '', '17', '4', '2016-08-02 09:52:59', NULL),
(337, '学习地质可视化流程制作并练习', '26', 8, '', 1, '2016-08-02 00:00:00', '2016-08-02 00:00:00', b'1', b'0', '', 0, '', '', '', '11', '4', '2016-08-02 09:54:57', NULL),
(338, '1，项目搜集与跟踪；2，参加公里总结', '30', 8, '', 1, '2016-08-02 00:00:00', '2016-08-02 00:00:00', b'1', b'0', '', 0, '', '', '', '13', '4', '2016-08-02 09:55:15', NULL),
(339, '地质可视化制作', '32', 8, '', 1, '2016-08-02 00:00:00', '2016-08-02 00:00:00', b'1', b'0', '', 0, '', '', '', '15', '4', '2016-08-02 09:59:16', NULL),
(340, '双子星主楼及周边商业模型创建', '30', 8, '', 1, '2016-08-02 00:00:00', '2016-08-02 00:00:00', b'1', b'0', '', 0, '', '', '', '12', '4', '2016-08-02 10:02:28', NULL),
(343, '武警总队方案2修改。', '33', 8, '', 1, '2016-08-02 00:00:00', '2016-08-02 00:00:00', b'1', b'0', '', 0, '', '', '', '12', '4', '2016-08-02 10:08:01', NULL),
(344, '武警总队模型导入平台。', '33', 8, '', 1, '2016-08-02 00:00:00', '2016-08-02 00:00:00', b'1', b'0', '', 0, '', '', '', '12', '4', '2016-08-02 10:08:28', NULL),
(345, '继续修改武警总队方案2', '33', 8, '', 1, '2016-08-03 00:00:00', '2016-08-03 00:00:00', b'1', b'0', '', 0, '', '', '', '12', '4', '2016-08-02 10:16:53', NULL),
(346, '双子星主楼及周边商业模型创建', '30', 8, '', 1, '2016-08-03 00:00:00', '2016-08-03 00:00:00', b'1', b'0', '', 0, '', '', '', '12', '4', '2016-08-02 10:17:22', NULL),
(347, 'PC端BUG修复', '16', 8, '', 1, '2016-08-02 00:00:00', '2016-08-02 00:00:00', b'1', b'0', '', 0, '', '', '', '7', '5', '2016-08-02 10:17:48', NULL),
(348, '双子星地块中的商业模型创建', '30', 8, '', 1, '2016-08-04 00:00:00', '2016-08-04 00:00:00', b'1', b'0', '', 0, '', '', '', '12', '4', '2016-08-02 10:18:04', NULL),
(349, '双子星地块中的商业模型创建', '30', 8, '', 1, '2016-08-05 00:00:00', '2016-08-05 00:00:00', b'1', b'0', '', 0, '', '', '', '12', '4', '2016-08-02 10:18:15', NULL),
(350, '日志管理系统移动端开发', '16', 8, '', 1, '2016-08-01 00:00:00', '2016-08-01 00:00:00', b'1', b'0', '', 0, '', '', '', '8', '5', '2016-08-02 10:31:18', NULL),
(351, '日志管理系统移动端开发', '16', 8, '', 1, '2016-08-02 00:00:00', '2016-08-02 00:00:00', b'1', b'0', '', 0, '', '', '', '8', '5', '2016-08-02 10:31:28', NULL),
(352, '日志管理系统移动端开发', '16', 8, '', 1, '2016-07-29 00:00:00', '2016-07-29 00:00:00', b'1', b'0', '', 0, '', '', '', '8', '5', '2016-08-02 10:32:03', NULL),
(353, 'qqqqq', '18', 8, '', 1, '2016-08-03 00:00:00', '2016-08-03 00:00:00', b'1', b'0', '', 0, '', '', '', '7', '5', '2016-08-03 09:19:02', NULL);

-- --------------------------------------------------------

--
-- 表的结构 `department`
--

CREATE TABLE IF NOT EXISTS `department` (
  `id` int(11) NOT NULL,
  `departmentname` varchar(50) CHARACTER SET utf8 NOT NULL,
  PRIMARY KEY (`id`)
) ENGINE=InnoDB DEFAULT CHARSET=latin1;

--
-- 转存表中的数据 `department`
--

INSERT INTO `department` (`id`, `departmentname`) VALUES
(1, '公司'),
(2, 'BIM'),
(3, 'GIS'),
(4, '互动媒体'),
(5, '研发');

-- --------------------------------------------------------

--
-- 表的结构 `project`
--

CREATE TABLE IF NOT EXISTS `project` (
  `id` int(11) NOT NULL AUTO_INCREMENT,
  `projectname` varchar(20) CHARACTER SET utf8 DEFAULT NULL,
  `projectcontent` varchar(500) CHARACTER SET utf8 DEFAULT NULL,
  `projectmonitorid` int(11) DEFAULT NULL,
  `charge` double DEFAULT NULL,
  `startdate` date NOT NULL,
  `enddate` date DEFAULT NULL,
  `status` varchar(20) CHARACTER SET utf8 DEFAULT NULL,
  `site` varchar(20) CHARACTER SET utf8 DEFAULT NULL,
  `contract` varchar(20) CHARACTER SET utf8 DEFAULT NULL,
  PRIMARY KEY (`id`)
) ENGINE=InnoDB  DEFAULT CHARSET=latin1 AUTO_INCREMENT=35 ;

--
-- 转存表中的数据 `project`
--

INSERT INTO `project` (`id`, `projectname`, `projectcontent`, `projectmonitorid`, `charge`, `startdate`, `enddate`, `status`, `site`, `contract`) VALUES
(16, '日志管理系统开发', '测试项目', 5, 20160726, '2016-07-26', '2016-07-26', '1', '12', '1'),
(17, '室内导航开发', '测试项目1', 9, 20160726, '2016-07-26', '2016-07-26', '1', '12', '1'),
(18, '研发部日常工作', '测试项目2', 7, 20160726, '2016-07-26', '2016-07-26', '1', '12', '1'),
(20, '投标', '123', 21, 0, '0000-00-00', '0000-00-00', '1', '12000', '1'),
(21, '合同审核', '插件购买合同审核', 23, 20160729, '2016-07-29', '2016-07-29', '1', '', '1'),
(22, '投标', '鲁能A2地块商业综合体BIM服务', 22, 20160801, '2016-07-29', '2016-08-05', '0', '12.7万', '1'),
(23, '投标', '鲁能A2地块商业综合体BIM服务', 22, 20160729, '2016-07-29', '2016-07-29', '0', '12.7万平方米', '1'),
(24, '投标准备', '鲁能A2地块商业综合体BIM服务', 22, 20160729, '2016-07-29', '2016-07-29', '0', '12.7万', '1'),
(25, '邹城孟子湖新区项目', '数字城市持续服务。', 16, 0, '0000-00-00', '0000-00-00', '1', '8平方公里', '1'),
(26, 'GIS日常工作', '日常工作', 10, 0, '0000-00-00', '0000-00-00', '1', '', '1'),
(27, '江苏中西医结合医院项目', '数字园区平台项目', 16, 0, '0000-00-00', '0000-00-00', '1', '', '1'),
(28, '千佛山医院数字园区项目', '数字园区平台项目', 16, 0, '0000-00-00', '0000-00-00', '1', '', '1'),
(29, '青岛山钢项目', '土方量项目', 16, 0, '0000-00-00', '0000-00-00', '1', '', '1'),
(30, '枣庄规划局数字平台项目', '规划类数字城市项目', 13, 0, '0000-00-00', '0000-00-00', '1', '', '1'),
(31, '济南慈航园项目', '设计标高优化、土方算量、数字园区', 16, 0, '0000-00-00', '0000-00-00', '1', '', '1'),
(32, '青岛山钢项目', '', 16, 0, '0000-00-00', '0000-00-00', '1', '', '1'),
(33, '武警总队项目', '', 16, 0, '0000-00-00', '0000-00-00', '1', '', '1'),
(34, '济南CBD项目', '', 16, 20160803, '0000-00-00', '0000-00-00', '1', '', '1');

-- --------------------------------------------------------

--
-- 表的结构 `projectreport`
--

CREATE TABLE IF NOT EXISTS `projectreport` (
  `id` int(11) NOT NULL AUTO_INCREMENT,
  `projectid` int(11) DEFAULT NULL,
  `reportcontent` varchar(500) CHARACTER SET utf8 DEFAULT NULL,
  `reportdate` datetime DEFAULT NULL,
  `status` varchar(20) CHARACTER SET utf8 DEFAULT NULL,
  `progress` varchar(20) CHARACTER SET utf8 DEFAULT NULL,
  `remainwork` varchar(500) CHARACTER SET utf8 NOT NULL,
  `monthplan` varchar(500) CHARACTER SET utf8 NOT NULL,
  `returnmoney` varchar(20) CHARACTER SET utf8 DEFAULT NULL,
  `flag` int(11) NOT NULL,
  PRIMARY KEY (`id`)
) ENGINE=InnoDB  DEFAULT CHARSET=latin1 AUTO_INCREMENT=11 ;

--
-- 转存表中的数据 `projectreport`
--

INSERT INTO `projectreport` (`id`, `projectid`, `reportcontent`, `reportdate`, `status`, `progress`, `remainwork`, `monthplan`, `returnmoney`, `flag`) VALUES
(1, 17, '1，导航系统基本完善。<br/>\n2，界面交互功能实现。<br/>\n3，优化楼层显示效果。<br/>\n4，网络服务搭建完毕，基本功能实现。<br/>\n5，移动平台适配优化。', '2016-07-29 00:00:00', '1', '', '', '', '', 1),
(2, 30, 'VVV', '2016-08-01 00:00:00', '1', '', '', '', '', 0),
(4, 31, '目前项目正在进行极净园区域施工', '2016-08-01 00:00:00', '1', '', '', '', '极净园尚未付款', 0),
(5, 16, '1', '2016-08-01 00:00:00', '1', '10%', '900', '', '1', 0),
(6, 16, '1', '2016-08-01 00:00:00', '1', '10%', '900', '', '1', 1),
(7, 16, '2', '2016-08-03 00:00:00', '1', '20%', '800', '', '2', 1),
(8, 18, 'ghdg', '2016-08-03 00:00:00', '1', '11%', '700', '', '100', 1),
(9, 18, '3452454', '2016-08-03 00:00:00', '1', '25%', '650', '', '177', 1),
(10, 18, 'fdhdfhdg', '2016-08-03 00:00:00', '1', '30%', '500', '', '180', 1);

-- --------------------------------------------------------

--
-- 表的结构 `rightassign`
--

CREATE TABLE IF NOT EXISTS `rightassign` (
  `id` int(11) NOT NULL AUTO_INCREMENT,
  `projectid` int(11) DEFAULT NULL,
  `userid` int(11) DEFAULT NULL,
  PRIMARY KEY (`id`)
) ENGINE=InnoDB  DEFAULT CHARSET=latin1 AUTO_INCREMENT=2 ;

--
-- 转存表中的数据 `rightassign`
--

INSERT INTO `rightassign` (`id`, `projectid`, `userid`) VALUES
(1, 1, 1);

-- --------------------------------------------------------

--
-- 表的结构 `user`
--

CREATE TABLE IF NOT EXISTS `user` (
  `id` int(11) NOT NULL AUTO_INCREMENT,
  `name` varchar(20) CHARACTER SET utf8 DEFAULT NULL,
  `password` varchar(20) CHARACTER SET utf8 NOT NULL,
  `realname` varchar(20) CHARACTER SET utf8 NOT NULL,
  `department` varchar(20) CHARACTER SET utf8 DEFAULT NULL,
  `role` int(11) NOT NULL,
  PRIMARY KEY (`id`)
) ENGINE=InnoDB  DEFAULT CHARSET=latin1 AUTO_INCREMENT=24 ;

--
-- 转存表中的数据 `user`
--

INSERT INTO `user` (`id`, `name`, `password`, `realname`, `department`, `role`) VALUES
(2, 'sa', '123', 'sa', '1', 0),
(5, 'liana', '123456', '朱学连', '5', 2),
(7, 'liuning', '123456', '刘宁', '5', 2),
(8, 'mengrl', '123456', '孟若琳', '5', 2),
(9, 'cuizheng', '123456', '崔正', '5', 2),
(10, 'baoyingxin', '123456', '鲍迎新', '4', 1),
(11, 'chenxu', '123456', '陈旭', '4', 2),
(12, 'duhang', '123456', '杜航', '4', 2),
(13, 'guojingxing', '123456', '郭景兴', '4', 2),
(14, 'hanlianlian', '123456', '韩连连', '4', 2),
(15, 'lvchengrui', '123456', '吕诚瑞', '4', 2),
(16, 'sunmeiqiang', '123456', '孙梅强', '4', 2),
(17, 'qinyanbei', '123456', '秦燕北', '4', 2),
(18, 'mading', '123456', '马丁', '6', 1),
(19, 'liuzhijian', '123456', '刘志坚', '6', 2),
(20, 'fanglihua', '123456', '房立华', '6', 2),
(21, 'wangyan', '123456', '王燕', '1', 1),
(22, 'lixiaolin', '123456', '李霄霖', '1', 2),
(23, 'jiyuan', '123456', '纪元', '1', 2);

/*!40101 SET CHARACTER_SET_CLIENT=@OLD_CHARACTER_SET_CLIENT */;
/*!40101 SET CHARACTER_SET_RESULTS=@OLD_CHARACTER_SET_RESULTS */;
/*!40101 SET COLLATION_CONNECTION=@OLD_COLLATION_CONNECTION */;
